"","standtype.x","site_rep","count_per_transect","percentcover_nonnative","standtype.y","native_fern","native_forb","native_grass","native_shrub","nonnative_fern","nonnative_forb","nonnative_grass","nonnative_shrub"
"1","intact","INT1_1",11,0.268292682926829,NA,NA,NA,NA,NA,NA,NA,NA,NA
"2","intact","INT2_2",3,0.0731707317073171,NA,NA,NA,NA,NA,NA,NA,NA,NA
"3","intact","INT3_3",5,0.121951219512195,NA,NA,NA,NA,NA,NA,NA,NA,NA
"4","matrix","ENH1_1",35,0.853658536585366,"matrix",0,0.12195122,0.024390244,0.536585366,0,0.292682927,0.756097561,0
"5","matrix","ENH1_2",32,0.780487804878049,"matrix",0,0.146341463,0.317073171,0.585365854,0,0.219512195,0.658536585,0
"6","matrix","ENH1_3",28,0.682926829268293,"matrix",0,0.097560976,0.170731707,0.804878049,0,0.365853659,0.463414634,0
"7","matrix","ENH2_4",37,0.902439024390244,"matrix",0,0.073170732,0,0.414634146,0,0.024390244,0.87804878,0
"8","matrix","ENH2_5",35,0.853658536585366,"matrix",0,0.024390244,0,0.292682927,0,0.146341463,0.829268293,0
"9","matrix","ENH2_6",35,0.853658536585366,"matrix",0,0,0,0.463414634,0,0.024390244,0.829268293,0
"10","degraded","DEG1_1",41,1,"degraded",0,0.097560976,0,0.390243902,0,0.804878049,1,0
"11","degraded","DEG1_2",37,0.902439024390244,"degraded",0,0.048780488,0,0.390243902,0,0.609756098,0.902439024,0
"12","degraded","DEG1_3",40,0.975609756097561,"degraded",0,0,0,0.195121951,0,0.292682927,0.975609756,0
"13","degraded","DEG2_4",41,1,"degraded",0,0,0,0.268292683,0,0.341463415,0.975609756,0
"14","degraded","DEG2_5",41,1,"degraded",0,0.024390244,0,0.219512195,0,0.585365854,0.975609756,0
"15","degraded","DEG2_6",38,0.926829268292683,"degraded",0,0.048780488,0.048780488,0.170731707,0,0.463414634,0.902439024,0
